cluster_ind	consensusSeq	avg_lev_dist	avg_dist_to_query	size
0	MAEEQPQVELFVKAGSDGAKIGNCPFSQRLFMVLWLKGVTFNVTTVDTKRRTETVQKLCPGGQLPFLLYGTEVHTDTNKIEEFLEAVLCPPRYPKLAALNPESNTAGLDIFAKFSAYIKNSNPALNDNLEKGLLKALKVLDNYLTSPLPEEVDETSAEDEGISQRKFLDGNELTLADCNLLPKLHIVQVVCKKYRGFTIPEAFRGVHRYLRNAYAREEFASTCPDDEEIELAYEQVAKALK	0.910	0.909	34
1	MASEQLQVELFVKAGSDGQSIGNCPFSQRLFMVLWLKGVTFNVTTVDMKRKPEILKDIAPGAQPPFLVYGGEVRTDTNKIEEFLEETLCPPKYPKLAAKNPESNTAGLDVFAKFSAYIKNPNPELNQTLEKGLLKALRILDNYLNTPLPDEIDENSAEDETVSHRKFLDGDELTLADCNLLPKLHIVQVVCEKYRGFKIPAEFTGIHRYLRNAYEREEFSSTCPATQEIELAYAQVAKPLK	0.906	0.766	7
2	----QPKVELFVKAGSDGQSIGNCPFSQRLFMVLWLKGVTFDVTTVDMKRKPDILKDLAPGAQPPFLLYGSEVKTDTNKIEEFLEENLCPPKYPRLAARNPESNTAGLDVFSKFSAYIKNSNPQLNDNLEKGLLKALKKLDDYLGSPLPDEIDENSADEVTSSSRPFLDGQELTLADCNLLPKLHIVKVVCLKYRNFSIPESLTNLWRYLDAAYAREEFSSTCPVDEEIHIAYSSVAKALK	0.899	0.722	26
3	------EISLFVKAGSDGESIGNCPFSQRLFMILWLKGVIFNVTTVDLKRKPADLQDLAPGTNPPFMTFNGEVKVDVNKIEEFLEEKLTPPRYPKLAPKHPESNTAGIDVFAKFSAYIKNPRKDANDALEKALLKSLKRLDDFLRTPLPEEIDADSTEDLPESTRSFLDGPELTLADCNLLPKLHIIKVVAKKYRGFEIPAEMTGVWRYLNNAYQREEFTNTCPADREIEFAYLDVAKRIK	0.831	0.610	95
4	----QPEIELFVKAGSDGESIGNCPFSQRLFMILWLKGVVFNVTTVDLKRKPADLHNLAPGTHPPFLTFNGEVKTDINKIEEFLEETLAPPKYPKLAAKHRESNTAGNDIFAKFSAYIKNTKPEANAALEKGLTKALKKLDDYLNSPLPEEIDANSMEEEKVSKRKFLDGDELTLADCNLLPKLHIVKVVAKKYRNYDIPSEMTGVWRYLKNAYARDEFTNTCAADKEIELAYADVAKRL-	0.878	0.650	77
5	----EPLIELFVKAGSDGESIGNCPFSQRLFMILWLKGVVFNVTTVDLKRKPADLQNLAPGTHPPFITYNGEVKTDVNKIEEFLEEVLCPPKYLKLSPKHPESNTAGMDIFAKFSAFIKNSKPEANEALERGLLKTLQKLDEYLNSPLPDEIDENSMEDIKVSTRKFLDGDEMTLADCNLLPKLHIVKVVAKKYRNFDIPKDMTGIWRYLTNAYSRDEFTNTCPGDKEIEIAYADVAKRL-	0.903	0.650	20
6	-----PEIELFVKAGSDGESIGNCPFCQRLFMILWLKGVKFNVTTVDMTRKPEELKDLAPGTNPPFLVYNKELKTDFIKIEEFLEQTLAPPRYPHLSPKYKESFDVGCNLFAKFSAYIKNTQKEANKNFEKSLLREFKRLDDYLNTPLLDEIDPDSAEELTVSRRLFLDGDQLTLADCSLLPKLNIIKVAAKKYRDFDIPAEFSGVWRYLHNAYAREEFTHTCPEDKEIENTYASVAK---	0.876	0.576	38
7	-----PDIELFVKAGSDGEVIGNCPFSQRIFMILWLKGVVFNVTTVDLKRKPADLHDLAPGTNPPFLTFQGEVLTDVNKIEEYLEQMLAPPKYPKLAPKNRESNTAGIDIFAKFSAYVKNTRPDKNRALEQALNKALMKLDEYLMSPVPEEVQKGRHHEEGPSTRKYLDGDELTLADCNLLPKLHVLKVVAKKYRNYEIPSDLKGVWRYLGNAYERDEFINTCPADEEIELAYKDVAKRL-	0.942	0.638	4
8	MAEEEPPVELFVKAGSDGAKIGNCPFSQRLFMVLWLKGVTFNVTTVDTRRRTEMVQRLCPGGQLPFLLYGDEVITDTNKIEEFLEATLGPPRYPKLAARNPESNTAGLDVFAKFSAYIKNSNPALNTGLEKGLLKALGALDTYLQTPLPDEVDETSAEAEGPSRRLFLDGNELTLPDCNLLPKLHVLQVVCRKYRGFSVPAELHGLQRYLAAAATREEFASTCPDPAEIELAYELVAKALK	0.976	0.809	4
9	----EPEIELFVKAGLDGENIGNCPFCQSLFMVLWLKGVRFNVTTVDMTRKPEELKDLAPGIKPPFLVFNKELKTDFLKIEDFLEQTLSPPKYPQLTPQNKESMDVGRNIFAKFSAYIKNPHKEANKNLEKALLREFKRLDDYLSTPLPEEIDQDCTEEVLVSKRKFLDGNWMTLADCNLLPKLNIIKIAAKKYRNFEIPLEMTAVWRYLHNAYARDEFSHTCPADEEIERTYASVAKKM-	0.924	0.580	11
10	-----PDIELFVKAGSDGESIGNCPFSQRLFMILWLKGVVFNVTTVDLKRKPADLHNLAPGTHPPFLTFQGEVLTDVNKIEEYLEEMLAPPKYPKLAAKNRESNTAGNDIFAKFSAYVKNTRPDKNRALEKSLNKALAKLDEYLMSPLPDEVQSGRHSGEGESTRKYLDGDELTLADCNLLPKLHVVKVVAKKYRNYDIPSEFRGVWRYLGNAYSRDEFTNTCAADVEIELAYKDVAKRL-	0.883	0.627	42
11	-----PNIELFIKASFDGENIGNCPFCQRLFMVLWLKGVEFNVTTVDMKKRPEELKHLAPGTNPPFLIFNGELKTDFIKIEEFLEETLAPPRYPHLTPRQPESYAAGSDVFAKFSAYIKNTSKAANEKFENALLKELKRLDDYLKEPLPDEIDANSTETILVSTRKYLDGNKLTLADCNLLPKLHIIKVAAKKYRNFEIPKEMSALWRYLKNANERNEFKHTCPSNEEIERAYADIAKEMQ	0.932	0.593	4
12	MAEA-PKIELFVKASDDAESVGNCPFCQRLFMILWLKGVNFTLTTVDMKRAPDVLKALAPGSQPPFLIYNDEVKTDTNKIEEFLEETLAPPQYPKLCCRYKESNGAGEDIFRKFSAYIKNPNPGLNDMLEKKFLSTLVKLNMYLETPLPHELDQN--PNA--SSRLYLDGDSLTLADCNLLPKLNIVKVVCKEYRDFDIPAELKGLTRYLDNAYKQDEFRYTCPNDSEILLAYHSVAKYL-	0.868	0.599	66
13	----EPSIELFIKAGHDGENVGNCPFCQRLFMVLWLKGVKFTVTTVDMRKKPAELKDLAPGTNPPFLLYNGTLKTDFIKIEEFLEQTLAPPRYPHLSPLNKESFDVGADIFAKFSAFIKN--SPNNAFQEKALLREFKRLDDYLNSPLPEEIDHNSTENITVSKRKFLDGNRLTLADCNLLPKLHVIKVAAKKYCDFDIPAQFTGVWRYLQNAYEREEFSQTCPADIEIEKAYLSVAN---	0.885	0.587	54
14	MA-EKPQIQLFVKASEDGESVGHCPFCQRLFMVLLLKGVPFTLTTVDVKRALDVLKDFAPGAQLPVLLYNGEPKTDTVTIEDFLEDQLGPPMFPSLVPQYRESSLAGNDIFHKFSTFIKNPVPAQDEALQRSLLRALLKLDEYLSAPLEHELAQDPHL--RASQRRFLDGDQLTLADCNLLPKLNIVQVVCQHYRRFGIPKDLRGVWRYLNSASETKEFKYTCPNSEEIIQAYRSVVR---	0.907	0.536	111
15	MAEQGFTLELFVKASDDGESIGHCPFCQRLFMILIHKGVPFTLTTVDMKRAPEVLKDLAPGSQPPFLLYNNEVKTDTNKIEEFLEELLQPPSYPKMAPEHKESFQAGNDIFHKFSAYIKNQLPAQEDALQRNLLKSLLLLDKYLLAPLPHELKANP-PNQSVSHRKFLDGDNLTLPDCNLLPKLNIINTVCKYYRKFEIPKDLEGVTRYLENASQMKEFKYTCPNTEEILLFYRSVVKPMK	0.914	0.578	7
16	MAES-SKLQLFVKASDDGETIGHCPFCQRLFMILLLKGVPFTLTTVDTKRSLDVLKDFAPGAQLPVLLYDGEPKTDTNKIEEFLEETLGPPNFPSLVPRYKESSIAGNDVFHRFSAYIKNPVPAQDEALQKNLLKALLKLDRYLNTPLEYEL-RDPDL--TVSRRRFLDGDQLTLADCSLLPKLNIVHVVCQHYRQLGIPKELRGVWRYLDSAAEAKEFKYTCPNSEEIVQAYRAVVRPLK	0.896	0.548	13
17	MAES-LKIELFVKASDDGESIGNCPFCQRLFMMLMLKGAPFTLTTVDMKRAPEILKNLAPGSQPPFLLYNGEVKTDTNKIEEFLEEALAPPDFPYLAPRYKESYTAGNDIFHKFSAYIKNPFPNQDDALQKNLLRSLLKLDKYLLTPLEYEL--KSEPELQESRRKFLDGDSLTLADCSMLPKLHIVKTVCKYYRQFEIPKDLKGVSRYLSNTAELKEFKYTCPSTEEILLFYRFVVRPQK	0.943	0.577	4
18	MAEN-SKLQLFVKASEDGESVGNCPFCHRLFMILLLKGVPFTLTTVDTKRSLDVLKDFAPGSQLPILLYDGEAKTDTIQIEEFLEETLGPPKFPSLVPRYKESNIAGNDVFHKFSAFIKNTSPAQDEALYRPLLRALVKLDHYLNTPLEHELAR--DPKLTQSRRRFLDGDQLTLADCNLLPKLHIVNTVCTHYRQAPIPAELRGLHRYLENALQQKEFKYTCPQSSEILAAYASVAR---	0.917	0.538	8
24	MA-EDPKIELFIKASDDGESIGNCPFSQRLFMILWLKKVAFTINTVDMKRNPDMLKDIAPGCQPPFLIYNGELKTDNNKIEEFLEEVLAPPKYPRLSVRCKESMTAGYSVFQKFSAYVKNPLPEKNEPLETSFLKALVELEQYLNTPLPHEDGSY------PSKRLFLDGNELTLADCNLLPKLHVVKVVCKHYRNFTIPKQLTGLCRYLDNAEKREEFMNTCPNEEEIKLAYRNVAKT--	0.935	0.585	4
19	MA-EGSKLQLFVKASTDGETIGHCPFCQRLFMVLLLKGVPFTLTTVDTKRSLDVLKDFAPGAQLPVLLYDGEPKTDTIKIEEFLEETLNPPEFPSLAPKYKESTLAGNDIFHRFSAYIKNPIPAQDETLLHALLKAFRKLDQYLNTPLDYEL--VRDPELVISRRRFLDGDQMTLADCNLLPKLNIVNVVCQHYRQAGIPRELRGIGRYLECATETKEFQYTCPNPQEIIQAYHGVVR---	0.927	0.524	10
20	MAES-SKLQLFIKASDDGESIGHCPFCQRLFMVLLLKGVPFTLTTVDVKRSLDVLKAFAPGSQLPVLLYDGEPKTDTIKIEEFLEETLRPPKYPSLVPRYKESFTAGNDVFHKFSAYIKNPLPAQDEALQSGLLKALWKLDTYLRTPLEYELAQDPRL--TVSRRRFLDGDQLTLADCSLLPKLNIVHVVCEHYRQFGIPKDLRGIWQYLNNAQEVKEFKYTCPNNEEIVQAYSPV-----	0.975	0.545	5
21	MAEEQPQVELFVKAGSDGAKIGNCPFSQRLFMVLWLKGVTFNVTTVDTKRRTETVQKLCPGGQLPFLLYGTEVHTDTNKIEEFLEAVLCPPRYPKLAALNPESNTAGLDIFAKFSAYIKNSNPALNDNLEKGLLKALKVLDNYLTSPLPEEVDETSAEDEGISQRKFLDGNELTLADCNLLPKLHIVQVSGHGFRGWPLP-----------------------------------------	0.933	0.777	7
22	MAE--PKIELFIKASSDGERVGNCPFSQRLFMILMLKGTKFTLTTVDMKRAPHLLKDVAPGAQPPFLLYNRELKTDTNKIEEFLEEALAPPEYPKLCCRYKESNNAGEDVFLKFSAFIKNPNPALNERLWKKFHSTLEKLNAYLETPLPCELDEN--PDVSKSSRRFLDGDALTLADCNLLPKLHVVKVVCQEYCTYDICSELRGLTRYLENASTQDEFRYTCPPDSEILFAYKSVAKYQK	0.967	0.567	4
23	MA-TA-KLQLFVKASEDGESVGHCPSCQRLFMVLLLKGVPFTLTTVDTRRSLDVLKDFAPGSQLPILLYDGDAKTDTLQIEEFLEETLGPPEFPSLAPRYRESNTAGNDVFHKFSAFIKNPVPAQDDALYQQLLRALARLDSYLRAPLEHELAR--EPQLRESRRRFLDGDQLTLADCGLLPKLHIVDTVCAHFRQAPIPAELRGVRRYLDSALQEKEFKYTCPHSAEILAAYRPAV----	0.882	0.497	81
29	-----------------------------------------------LKRKPADLQNLAPGTNPPFMTFDGEVKTDVNKIEEFLEEKLAPPRYPKLGPQHPESNSAGNDVFAKFSAFIKNTKKDANEIYEKNLLRALKKLDNYLTSPLPDEIDAYSTEEVAVSGRKFLDGDELTLADCNLLPKLHIIKIVAKKYRDFEFPPEMTGIWRYLDNAYARDEFTNTCPADQEIEHAYSDVAKRMK	0.916	0.509	4
25	-------------------------------MILWLKGVIFNVTTVDLKRKPADLQDLAPGTNPPFVTFNGEVKVDVNKIEEFLEEKLTPPRYPRLAPKHPEANTAGIDVFAKFSAYIKNPRKDANDALEKALLKSLRHLDEFLRTPLPDEIDADATDDLPESTRSFLDGPELTLADCNLLPKLHILKVVAKKYRDFEIPADMTGVWRYLNNAYERDEFTNTCPADREIEFAYLDVAKRIK	0.921	0.545	5
26	----EPLIELLVKAGSDAESIGNCPFSQRFFMI----RVVFSVTTVDLKRKPADLQNLAPRTHPPFISFNSEVKTDVSKIEEFLEEVLCPPKYLKLSPKHPESNTAGMDIFAKFS---------ANEALEKDLLKTLQKLDKYLNSPLPDEIDENSIEDIKFSTRKFLDGNEMTLADCSLLPKLHIVKVVAKKYHNFDIPKEMTGIWRYLTNAYSRDEFINTCPSDKEVEIAYSDAKRPTK	0.935	0.552	4
27	MAEA---LEVCVKAATGPDKLGDCPFSQRVLLTLEEKQVPYNMKLIDTSNKPDWFLQINPEGKVPVIKIDDKWIPDSDVITQILEEKYPEP----PLATPPEKATVGSKIFSTFIGFLKSKDP--NDGTEQALLNELRAFDEHLK-----------------DNGPFINGEKISAADISLAPKLYHLKVALGHFKKWSVPEEFTYVQNYMEALFSRESFQRTAPDEQYIIAGWFPKVNP--	0.942	0.286	7
28	---EEPKIELFVKAASDGTSLGDCVFCQRIFMILCLKKIKFSVTTVDMTKK-HLFKALPSLGKIPFLIDGEEPITDVTEMANYLEKRLAPPMYPKLEPNNPEAAMAGTEIFQKFSKFIKNSSQADEERLQRALYISLVQLNEFLIRRLPDEIDDDTDEN-SPSERKFLDGDQLTHPDCNLLPKLHHVRVATKALKGFEIPQDLTGLWRYLNSAYETEEFKKTLYPDEEVCKTWK-------	0.949	0.452	4
30	----EPEIELFVKAGLDGENIGNCPFCQRLFMVLWLKGVKFNVTTVDMTRKPEELKDLAPGTNPPFLLFNKELKTDFIKIEEFLEQTLAPPKYPHLSPKYKESFDVGSDIFAKFSAYIKNPHKEANENLEKALLREFQRLDVYLNNPLPEEIDQDSAEDILVSERKFLDGNRLTLADCNLLPKLHIIKV----------------------------------------------------	0.928	0.485	4
31	-------VEVCVKAAAGAPDVGDCPFSQRVLLTLEEKKVPYQMHLINTSEKPQWFLEVNPEGKVPVIKFDDKWIPDSDVIVGHIEEKYPPPLSPP-----PEFASVGSKIFPSFVKFLKSKDPS--DGSEQALLDELKALDEHLKAH-----------------GPYINGENITAVDLSLAPKLYHLEVALGHFKGWTIPESLTHVHNYMKLLFSRESFEKTKAAKEFVIAGWEPKVNA--	0.935	0.263	4
32	------PLEVCVKASTTPNKLGDCPFCQRVLLTLEEKHLPYDMKLVDLANKPEWFLKISPEGKVPVIKLDEKWVADSDVITQALEEKYPEP----PLATPPEKASVGSKIFSTFIGFLKSKDP--NDGTEQALLSELSSFNDYLK-----------------ENGPFINGKEISAADLSLGPKLYHLEIALGHYKNWSVPDSLPYVKSYMKTIFSRDSFIKTRALPEDVIAGWRPKV----	0.853	0.242	102
33	M-SSDP-LQICVKESTTPNKLGDCPFCQRVLLTLEEKHLPYDMKLVDLSNKPEWFTKINPDGKVPVVKFDEKWVADSDIIAKSLEERYPNPPL--PLATPDEKSSVGSKIFPAFVGFIKSKDPS--DGKEQELLNELSSFNDYLK-----------------ENGPFINGEKISAADLALGPKLYHMEIALGHYKNWSVPESLPYVKSYMKNIFSRDSFVKTIASTEDVIAGWA-------	0.923	0.239	5
34	-------VEVCVKAAAGAPDIGDCPFCQRVLLTLEEKKVPYKLHLINTDDKPQWFLEVNPEGKVPVIKFDDKWIADSDVIVGIIEEKYPNPSLSPP----PEVSSVGSKIFPSFVKFLKSKDPT--DGSEQALLDELKALDEHLK-----------------AKGPYVNGENICAVDLSLAPKLYHLDVALGHFKGWTVPESLTHVHNYMKLLFSRESFQKTKAAKEHVIAGWAPKVNA--	0.905	0.249	9
35	-------LEVAVKAAVGAPDIGDCPFSQRVLLTLEEKKIPYKLHLINLSDKPQWFLEVNPEGKVPVVKFDDKWVSDSDVIVGILEEKYPEPS----LVTPPEFASVGSKIFGSFVKFLKSKDP--NDGSEQALLAELKALDEHLKAH-----------------GPYIAGEKVTAVDLSLAPKLYHLVVALGHFKKWTVPESLTHVHNYTKLLFSRESFEKTKAAKEYVIAGWEPKVNA--	0.861	0.252	42
36	-------LEICVKAAAGAPDVGDCPFCQRVMLTLEEKKVPYKTHLVNLSEKPQWFLEINPEGKVPLIKIDDKWIADSDVIVGILEEKYPEPSLTPP----PEFASVGSKIFISFVKFVKSKDPS--DGTEQALLDELKALDEHLKAH-----------------GPYIAGEKITAVDLSLAPKLFHLEVALGHFKKWTIPESFTHVHSYTKLLFARESFVKTKPAKEHVVAGWAPKVNA--	0.944	0.265	6
42	-------LEVCVKAAVGAPDVGDCPFSQRVLLTLEEKKIPYQMHLINVSDKPQWFLEANPEGKVPVLKSDDKWIPDSDVITQIIEEKFPDP----PLSTPPEYASVGSKIFPSFVKFLKSKDP--NDGSEQELLDALRALDDHLKAH-----------------GPYVNGEKISAVDLSLAPKLYHLEVALGHFKSWAIPEDLQNVKEYMKLLFSRESFIKTKAAKEYVIAGWAPKVNA--	0.927	0.245	4
37	-------IEVCVKAAVGAPDVGDCPFSQRVLLTLEEKKIPYQMHLINVSDKPKWFLEANPEGKVPVIKLDCKWVSDSDVIVGLLEEKYPDP----PLASNPEFASVGSKIFSTFVTFLKSKD--ANDGSEQALLVELKALDDHLKCH-----------------GPYICGEKVTAVDLSLAPKLYHLEVALGHFKKWSVPENLSCVHKYIKLLFARESFEKTKAAKEYVIAGWAPKVNA--	0.954	0.260	4
38	-ASEKP-VEVCVKAATGADDVGDCPFSQRVLLTLEEKKVPYELKLINVDNKPDWFLAISPEGKVPVFKDDDKWVPDSDVITQIIEEKYPNPS----LVTPQEYSSVGSKIFSSFVKFLKSKDP--NDGSEQALLDELHALDEHLKAH-----------------GPYVNGENISAVDLSLAPKLFHLEIVLDHFKGWKIPENLTYVHAYMKLLFNRESFIKTKPAKEHVIAGWAPKVNA--	0.906	0.267	9
39	-------VEVCVKAAVGPDTLGDCPFSQRVLLTLEEKKVPYEMKLIDVSNKPDWFLKISPEGKVPVFNGGGKWIADSDVITQVIEEKYPTPS----LVTPPEYASVGSKIFSTFVTFLKSKD--ANDGSEKALLDELQALEEHLKAH-----------------GPYINGENVSAADLSLAPKLFHLQVALEHFKGWKIPENLTNVHAYTEALFSRESFVKTKPAKEHLIAGWAPKVNA--	0.904	0.261	19
48	-------LEICVKAAVGAPNVGDCPFSQRALLTLEEKKISYKMHLINISDKPQWFLEISPEGKVPVLKVDDKWVADSDVIVGILEEKYPEP----PLKTPPEFASVGSDIFGTFVTFLKSKD--ANDGSEQALLDELKALDEHLKAH-----------------GPFIAGEKISAVDLALGPKLYHLEVALGHFKKWTVPESLTNVRNYMKLIFSRESFVKTKAAKEYVIAGWAPKVNA--	0.917	0.254	4
40	-------IEICVKAATGAPDVGDCPFCQRVLLTLEEKKVSYKTHLINLDNKPEWFLEVNPDGKVPLIKFDDKWVSDSDVIVGLIEEKYPEPS---PL-TPPELASVGSKIFPKFVGFLKSKDE--NDGTEQALLDELNALEEHLK-----------------NNGPYVNGEKITAVDLSLAPKLYHLEVALGHFKKWTVPESLTHVHNYMKSLFSRESFEKTKPAKEEYIAGWAPKVN---	0.909	0.254	8
41	-------VELCVKAASGPPDVGDCPFCQRVQLTLEEKNIPYKVILINLDDKPQWFLELSPEGKVPVIKFDDKWIPDSDVIVGLIEEKFPPPLSPP-----PEVTSVGSKIFLSLIKFLKSKDPT--DGTEQALLDELKALDEHLKAH-----------------GPYVNDENICAVDLNLAPKLFHLDVTLAHFKGWKVPESLTHFHNYVKLLFSRESFKKTEVAKEYVIAGWEPKVNA--	0.971	0.256	4
50	-------LDICVKAAVGAPDVGDCPFSQRVLLTLEEKKLPYKIHLINVSDKPKWFLDISPEGKVPVMKLDGKWVADSDVIVGILEEKYPEPSLKTP----PEFASVGSKIFGAFVTFLKSKD--ANDGSEKALVDELEALDNHLKTH----------------SGPFVAGEKVTAVDLSLAPKLYHLEVALGHYKKWSVPESLTNVRNYAKALFSRESFEKTKAKKEFVVAGWASKVNA--	0.914	0.253	5
43	-------LEICVKAAAGAPDVGDCPFCQRVLLTLEEKKVPYKLHLVNLSDKPQWFLEISPEGKVPVVKFDDKWVPDSDVIVGILEEKYPEPSLKTP----PEFASVGSKIFGTFITFLKSKD--ANDGSEQALLNELKALDEHLK-----------------GQGPFIAGEKITAVDLGLGPKLYHLEIALGHFKKWTVPESLTYVHNYMKSIFSRESFVKTQAAKEYVIAGWAPKVNA--	0.924	0.256	9
44	-----------------GPKVGDC----RLFMVLWVKGVTFNVTTIDTKRWTERVHKLCPGGQLPFLLYGTEVHTDTNKMEEFPEAVLCPPRYPKLAALNPESNTARLDIFAKFSAYIKNSSPALNDNLEKGLLEALQVLDNYLTSPLPEEVDETSAEDEGISQRKFLNGNELTLADLNLLPKLHIVQVVCKKYRGFTIPEAFPGVHRHLSNAYAWEESASTCPGGEEIKLAY--------	0.963	0.769	4
45	LSERKHIINLFIKAGSDRECVGCCPFSQRLFMILWLKGVVFQVTTVDKATVPKNISDISPGCNPPFLIFNGEVLNDIQKCEDFIEAELYPPRYPKLSCKHPNSNNIGSDIFAKFSALAKNPNDPKRQGMVNKLNNELSKLNNYLNEPLDDEIDEGSDEEPQKSTRKFVDGNTMTMADCNLMPKLNMIRVAGREMLNYEIPCKFDGIHRYLNTADATDEFTQTCPDDGEIVWTY--------	0.988	0.483	4
46	-----------VKAAVGPDEIGDCPFSQRVLLTLEEKKLPYKLHLINLSDKPSWFLKVSPEGKVPVVKFDDKWVPDSDVIVGILEEKYPEPS----LVTPPQFSSVGSKIFSAFGKFLKSKDP--KDHSEQALLEELKALDEHLKAH-----------------GPYVAGEKVTAVDLSLAPKLYHVDVALGHFKKWSIPKELASLIAYKELLFARESFVKTKATPEHVIAGWEPKVNP--	0.929	0.237	7
47	-------LEVAVKAAVDAPNVGDCPFSQKVLLTLEEKKISYITHLIDISNKPQWFLKVNPEGKVPVLKYDDKWVPDSDVIVKILEEKYPDPSLFTP----PQLASVGSNIFGTFVSFVKSKDP--NDGTEQALLVELKALDDHLKAH-----------------GPYVAGEKVTVVDLGLAPKFYHLVTALGHFKNWTIPESLAHVHNYVKLLFSRESFEKTKSAKEHVIAGWEHKVNP--	0.953	0.252	4
49	------------------------------------------------SRKPEELKDLAPGTNPPFLLFNKELKTDFIKIEEFLEQTLGPPTYPHLSPKYKESFDVGSDIFAKFSAYIKNPRKEANINLEKALLREFQRLDVYLNTPLPEEIDQDSVEDITISKRKFLDGDHLTLADCNLLPKLHIIKIAAKKYRDFEIPADMTGVWRYLNNAYACDEFSHTCPADEEIEHTYASVARKM-	0.983	0.461	4
51	------KIALFVKAGSDSECIGCCPFSQRLFMILWLKGVVFNVTTVDKTKKVPQINDALGSVNPPVLIFNGEMLTDNQKCEDYIEAELYPPRYPRLACKHSNSNTVGNDIFAKFSAFAKNPNDPKREGMRKKLDQALSKLNDYLLEPLDDEIDEGADDNEPQSSRKFIDGNTMTIADCNMLPKLNMIQVTGRALLNYEIPHSFDAIYRYLETSFGMPEFRETCPHDDEIVYFY--------	0.976	0.469	4
52	MA-EKPQIQLFVKASEDGESVGHCPFCQRLFMVLLLKGVPFTLTTVDVKRALDVLKDFAPGAQLPVLLYNGEPKTDTVTIEDFLEDKLGPPMFPSLVPRYRESSLAGNDIFHKFSTFIKNPVPAQDEALQRSLLRALLKLDEYLSAPLEYELAHDPHL--RASQRRFLDGDQLTLADCNLLPKLNIVQV----------------------------------------------------	0.932	0.431	7
53	-------VEVCVKAAVGPDKLGDCPFSQRVLLTLEEKKVPYQLKLIDLSNKPGWFLKISPEGKVPVYNGDGKWIADSDVITQVIEEKYPAPSL----ATPPEYASVGSKIFPSFVKFLMSKD--ADDGSEEALLHELQALEEHLKAH----------------GRPYISAENVSAADLSLAPKLFHLVVALEHFKGWKVPESLSNVHAYTKALFSRESFIKTKPTKEHLIAGWA-------	0.911	0.243	5
54	IAEEQLQVELFVKAGSDG----------RLFMVLWLKGVTFSVTIIDTKRQTEIVQKLCPGGQLPFLLYGMEEHKDTNKIEEFL--------YPKLAALNPESNTAELDIFAKFSAYIKNSNPALNDNLEKGLLKALKVLDNYLTSPHSEEVDETSAEDEGISQRKFLDGNELTLADCNLLPKLHIVQVVKKKYQGFTIPEAFQGVHRYLSNAYAQEESASTCPDD-EIKLAYEQGSKALK	0.931	0.787	4
55	MAETA-KLQLFVKASEDGESVGHCPSCQRLFMILLLKGVPFTLTTVDTRRSLDVLKDFAPGSQLPILLYDGEAKTDTLQIEEFLEETLGPPEFPSLAPRYRESTTAGNDVFHKFSAFIKNPVPAQDDALYQLLLRALTRLDGYLRAPLEHEL-RAREPELRESRRRFLDGDQLTLADCGLLPKLHIADVSGGAARG---------------------------------------------	0.921	0.430	4
56	MA-EKPQIQLFIKASEDGESVGHCPFCQRLFMVLLLKGVPFTLTTVDVK------------------------------------------RCPSLVPQYPESSLAGNDIFHKFSAFIKNPVPAQDEALQRSLLRALLKLDEYLSAPLEHELAQDPHL--RASQRHFLDGDHLTLADCNLLPKLNIVQVVCQHYRHFGIPKDLQGVWRYLNSASETKEFKYTCPNSQEIIQAYRSVVRA--	0.941	0.450	4
57	-------LEAFGKAGSPSKERGDCPFSQRIYIELEEKKLPYTATYIEGDNKPDWFMEKNPEGLMPVLRDGDEWIQDSDKIAEHLEKKYPE----ILLATPKEFKEVGANIFQAFTNYLKSKN--ADDQSKEELLKELAALDEHLKT-----------------KGPYIAGKNPTDSDYALIPKLHHMRVSLAHYMNFKIPAEFTALHKYIELLESRPSFQKTNSPDEMIIEGWQ-------	0.932	0.278	4
58	-------LQLYVKAGENGRNYGACPFCQMVYMILDLKELTYDVITISMSRPPQDFKKL--ANRLPVLKHGDEILSDNDEIVQYLDKNFP---HPDLRYDNVEANAVCLNFFSKFSFFIK-----QVKNSPENLLKELGAINAFLEK----------------AGTRYLCGDTISNLDCLVLPKLQHIRVACKALKDFDIPASMKAIWKYMGQAYTSTTFRKTCPSDQEIVYHWSQKAE---	0.932	0.320	5
59	---EQGRIELLCKAGPDGAALGDCPFCHYVQMVLRYKGLRYRLIPLTPEDKPEWLVE-GYGGKMPCLVHDEEAYTDSGTITQYLEYFFPEPLTVEDPELAEEVKTATSGVFGAFARYMKNMDKEQDPPLQAALVEELNKVDTLLQK----------------TKGPFLAGERITLDDMALAPKLYHIKVGVAHFKNVIIPPSLTALAAYMQHIFDMDIFQESSYPPDVITWGW--------	0.982	0.275	4
60	-------VVLYVKAGMDGECYGACPFCQRFYMVLDLKSLTYNINTVNMARPAPEFKQY--ANRLPVFKHGDEILIDSDETVQYIDENF---LKPDLRYDNIEAHSQCLDIFSKFSFFIKNVSSTAD-----GLLNEIKIINDFLAK----------------SQTKYLAGDNISHLDCLMMPKLQHIRIAAEAFKDFHIPRKFTHFWRYMETAYSNDTFRKTCPSDQEI------------	0.953	0.317	4
61	-------VELYVKAGKDGESYGANVFCQRFYMILDIKALTYDVITINMARPPAEFKRL--ANRLPVLKHNDEILVDNDEILQYIDEHFP---YPSLKYDNMIAHSVCLDVFAKFSYYIK-----QVSHGPEALLKELQAINDYLETN----------------PNKFMCRDELCHLDCLMLPKLQHIRVAAKAFKDFEIPDDMVGLWKYLKRAYENDTFRKTCPSDQEIVHEWESKA----	0.968	0.318	4
62	------KLHLFIKAGRDGRSKGACPFCQDVFLKLLIKDFSFDVITINCKNPPKEFKEIS--KKLPTLVHGDIVLNDVDDIEDYLDSSFP---NYKLSLQDPEAFKVQSNVFTRFTYLIKDV-----HNNPQLLLDELEKIDSFL----------------R-RGTKYICGNEITGLDCSLWPKLQHIRVAADYILHLSIPTEFSALWRYLGSAYELDAFVKSCPSDQEIVLHWTR------	0.898	0.284	11
63	-----PEIELIIKASTDGRRKGACLFCQEYFMDLELKTISLKVTTVDMQKPPPDFRSNFEATPPPILIDNGLAILENEKIERHIMKNI--PGGHNLFVQDKEVATLIENLYSKFKLMLLKKD----DQSKNSLLSHLRKIDEHL----------------G-KGTRFLTGDTMCCFDCELMPRLQHIRVAGKYFADFEIPEELTNLWRYMYHMYQLDAFTQSCPADQDIINHYK-------	0.872	0.260	47
64	-------------AGCDGESIGNCPFSQRLFMILWLKGVIFNVTTVDL------------------------------------------KRYPKLGTQHPESNSAGDDVFAKFSAFIKNTKKDAHEPHCKALLCRAQFKDCCFQGLLHDRVGADGAEDVAASSRKFLDGDELTLADCNLLPKLHIIKVVAKRYRDFEFPSEMTGISRYLRNAYARDEFTNTCPADREIELAYSDVAKRMK	0.939	0.476	4
65	-----PEIELIIRASTDGRRKGACLFGQEYFMDLELKTISLKVTTVDMIKPPPDFRSKFDSTPPPILIDRGEPVLENDKIERYIMKNI--PGGHNLFVSDKETLEVIENIYTKFKVMLNKND----NNSKTAFENQLRKIDQHLAK----------------RNTRYLTGDTLCCFDCELMTRLQHIRVAGKYFTNFEISESFNYLWRYMYHMYNLDAFKQSCPADQDIINHYK-------	0.948	0.262	5
66	-----PEFYLLVRAAADESSVAACPLTHQVRMICKLKNIEPLIMPFNIQKKSKEFLEVNSTGKVPVLVHEALVLDDPLLIAKYLEERFP---NPPIRSNSKEAIVAGSNIFQKFCALIKNNDPAKDPGLQTALLKKLEELNSFLLS----------------SDGSFMEGDSLRFSDCSLLPKLLLVRVAAKELKGLEIPARLEGVWDYIHAGEKHVVFRDTCPSDELIKEHWSR------	0.930	0.277	7
67	-----PEIELIIRASTDGRRKGACLFCQEYFMELELKTISLKVTTVDMQKPPPDFRTNFEATPPPILIDRGMAILENEKIERHIMKN--VPGGHNLFVQDKEVATLIENLYTKFKMYVTKYESPDTKEASQPLLSHLERINDFLAK----------------RGTRFLTGDTMSCFDCELMPRLQHIRIGAKAFRKFEIPTRFTALWRYMANMYELEAFRQSCPADQDIISHIK-------	0.955	0.258	6
72	MSQSPTNISIFVKAGKDGKSLGACPQSQRVLMLAELKFAQFKTIPVNVSRSPEAFRRLGLRLRVPALYLGEDPVDVADDIVSLLESRFPGGILQQ-NEEDPEAELVTRDFFSRFCFYVRDVSKDA-----SHLESELRRIDCYLANALEH-----------TSNNVFLCGPAPSFLDCEVLPKLHQVRVAAAGIKGYEIPANLTGLWRYLHAAYSEPAFVHTCPSDAEI------------	0.910	0.293	4
68	----QPEVELLIRASTDGRRKGACLFCQEYFMLAELKTIALKVTTVDMQKPPADFRSNFEAAHPPILIHDGIIISENDRIERHIMKEI--PGGHNLFIQDRETEAKIENLYKKFKMFLL---TQNTDQTRNGLLNCLKNIDAHLAQ--------------AQKDSRFLTGDSICCFDCELMPRLQNIRIAGKHFYNFEIPSDMHHLWKYIDTMYHLAAFLESCPADQDIIHHYK-------	0.940	0.243	5
69	------PVDLWVKAGSDGTRLGGDPLCHQIFMILIEKGLKFNVKTVNEAKPPPEFRQ-AGLRHAPALQHGDFAYSHPDEIIEYIDRTFPLPSFKSDKPDNPGAQDATANLFRAFAFFIKEVSTD-----PKALETELTRLDRYLG-----------------TDTKFLAADRLTHIDCYVLPKLHTIRIAAAALKQYEIPHGLRNLWAYMKRGYETDAFRKSCPCDQEIILYWAD------	0.888	0.276	6
71	------PITLYIKAGVD-SKIADCPLCQRLFMIIVLKKIKYQVCTVNKEILPAEYKKILGNTPPPVLVDPGKVIDDIIKAEHYLESVF----QPKLENANPAAKKVGSNIFSKFSALMKNQDKSKKEVLINRLRGELKKLDDFL---------KDTSEDDELSPGRCLEGDNFTLADCDLLPKLHRVEVACKFFKFEGVMDGFDAVQRYLDAWKETPVYHIIKYDEKEVFNTYRFVV----	0.936	0.336	4
70	-------VTVFVKGSNDHKELGDCPSSQRIVMILRLKGVPFHQEFVDLTKKDDEFVRRTQGRKPPVLIHGDEPIEDADAIVGYLEETFPEPDLKSL---KAQANIAGRDLYSKFALFMRNSIPDNDAKLRAALVRELKKLNEFL---------------DKESPGAYLDGDKLKLPDCNLLPKLMHIKVAGE-LKGFTIPEEFEAISTYLRETHRQKAFKETFPVKHDIKQGW--------	0.934	0.324	4
73	------PVVLWVKAGSDGVRLGGDPLCHQIFMILIEKSLHFSVKTVNEAKPPPEFRE-AGLRHAPALQHGDDILSHQDEIIDYIDREFP---IPSLKCECSAASDATANLFRSFAFFIKEVNID-----PKALNMELIRLDRYFADI----------------NTSFLAADHLTHLDCYILPKLHTIRIALGALKGYEIPTNLHNLWGYMKRGYAMESFRKSCPSDQEIILYWA-------	0.927	0.269	9
74	--MSEPLLDLWVKAGADGNCLGGDPQSQQLFMILLLKDCRFNVRTLNEAKLPQDF-KNYGMRHAPALTHGDIAISHPDEIVEYIDHIFPS---PSLKYNNPEADGATADLFRAFCYFIKEVNKD-----PKALLNELYRLDQYLAHN----------------EYRFLTSDKMQHIDCNILPKLHGIRIASRALKDFEIPVDLNNLWRYLHEGYQQEAFRKSCPSDQEIILYWA-------	0.946	0.300	4
75	-------------------------------MMLWLKGSVFNVTTVDKDSKPKELADIAPGTSTPFILFDNEVVTDPPRIVEFLEAQLQPPKYPGLMPVNPESHLAGFEIFAKFSAWIKAKDSPNYDTLEKRFLTHLAKFDAFLKMN---------------TDRRFIDGNTMTAVDCNILPKLHIAIVVAKALRQLDICSQYTGIAQYMANASQHAEFSQTCAHNDEIIWSYGGPKPKLK	0.956	0.397	4
80	----KPLLELYVKAGIDSRRIGACLFCQEFWMALYEIGVRVEVKTVNVN--SEAFKKNFLGAQPPIMIEEEKQYTDNREIEGRIFHLAKEFRVP-LFEKDPAVEKRIESLYRNFKLFLRAKTDFDKGKKELQDISAIESLPAQIKTHYNRVVEQLAGIDQLLADRRYLLGPSMTEYDCELMPRLHHMRIIGQRLLGFDIPHNLTYLWNYVLTAYRTAAFIESCPADQDILHHYK-------	0.920	0.266	4
76	-----PSVALFVRSEIDFSHRSPSPICQRWFMVLEAKELALTVYPVNMKNPEQEFKKAY-NSNPPVVVFDETVLTDNRDIDAEISKRFPVMNMNSL----KEAEDVCSNVYIKFHPYLKSPTGDPQEQMKRSLLSELKRINDYLEEM--------------ETGTKFLSGNEMTFVDCDIMPKLQHIRVAGKYYKNLDIPNELHALWSYMERCYQTKAFQESCPFDQDILMHYEGKV----	0.941	0.266	7
88	------RITLWVRAGSDGLRCGGDPAAHRLFMLMLWKKLKFDVKTVNEARPPPEFKEL-GLRRAPALQIDDDAAFSEDEIVEELD------KYGAARKRAPEAEDATSDLFRIFAFYIKDIKKE-----PTALLGELLRIDEFLASV----------------GTCFLAGDEPSHVDCDVLPRLHSIRIAAKALKDFDIPSEYSHLWAYMKHGYELESFNTSCPSDQEIILYWSD------	0.905	0.275	5
77	---PKPKFELYIKASSDGEMKGSCPICQQWFMIAYLKNASFKVFTVQANTPPQTFKDKVQSKIFPVVIISGIVYDNYDDVEKFFESNFNCPKLKRTQQANIASLKIFEDLYKNFNLFLQNPSSDG-----KKLLSDLRNLNGHLE----------------MQETPFLTGPSLAYADCVLLPKLQHIRLAGEQYRDFKIPEEFTAIWDYLERGYETTAFSATLPSDQDIVKHYEMRA----	0.954	0.295	5
78	-------LTICVKGSNDSRKLGDCPTSQRILMILRLKKVPFKEYFVDPNKKDEEFVGMSQGRKLPVLLHGDEPMEDSDRIEMYLDETF----EPSLKSKNEKANNAGRDLYSKFALFMRNNNPEKDEKLRDALNKELTKLNEF--------------LDSVESPGKYLDGDELKLPDCNLLPKLMHVKVAG-ELKGLE-LKNFQFVVEYLEKASQQNAFKDTFTDKKDIEAGWRKKM----	0.959	0.329	4
79	-------FELYIKASIDKETKGSCPICQQFFMMTCLLGIDFKVFTVQADCPPKNF-ASGWSKKYPVIMVNGETLDGSVDTFEELELFFESPELKRKNAPNIAAMKVVENLYKHFNHFISGQ-------SEKGLLGELKKLNEYLES----------------QDTKFLVDNVLSFSDCHLLPRLQHIRVAGKAYRGFEIPKEFVYIWRYLKNAYEQEAFKSTMPSDQDIVFHYEKKA----	0.952	0.315	5
81	MSHSIPSVELFVRAAPNKKEKGPCLVSQQWMMVLELKGIKLHVTPTSLDNPPENYVKLNAARLLPIAWIQGMVISSSGSLEALMMKLKEPNLNAALKKEDLHAEKVCEDLYKNFMHYVRN-------NMSKSLLSTLSNLDSYLAS----------------QNGIYLLGNDLSYVDCQLMPRLQHIRVAGRAYKDFDIPDNFCHLWQYIKNMYDTESFVYSCPSDRDILMHYE-------	0.905	0.293	6
82	----QPEVRLFVRASTDRNTIGACLICHQWLMVFRYMLIRLEVVPISYDNEPEDYKCLHCSKRLPAAFLPDFQLAASDELEALLAKFQCPQLLPFESEEVLEATHAFIDVYKNVLNFIRN-------NSESPLLNALKRLEDYLQT----------------QKTRYLLGDKLTFADCMLMPKLQVMRVLLRACKQWDIPLELTYIWRYVQSMYETTAFTVTCPLDRDILMHY--------	0.941	0.262	5
83	----KPFLELFVKAGIDNRRIGACLFCQEFWMALYEINVRVEVKTVNVNSEP--FKRSFLGALPPILVEPDKMYTDNREIERHIAKEFSVPLFEKDITVDKSIES----LYRNFKVFLRAKTDEEEDEEPESPGVPPAGVPAP-VPAHNKLVEQLTSIDKLLAQRRYLVGSTMTMYDCELMPRLHHIRIAGQHLCAFEIPHSLVHLWNYMLTAYRTAAFIESCPADQDISYHYK-------	0.931	0.254	4
90	------KFELYIKASIDKETKGADPICQQFFMITCLLGIDFKVFTVQADCPPKNF-ASGWSKKYPVVMVNSGRNKSGQDISGMMYDTFEEPELKRKNAPNQTAMGVVENLYKHFNHFIAGQ-------ADKALVTELRKLNEYLEG----------------QDTKFLVDNVLSFADCHLLPRLQHIRVAGKAYRDFDIPKEFTYVWRYLHAAYEQDAFKSTMPSDQDIVFFYEKKAK---	0.932	0.286	4
84	----KPLVELFIKASSDPGDKGACPFSQKWFMIFERKAINLRVIPVSSANPPTEYLSLDMGKQLPAVLDVGSVQPESVHTGNDELELFCKQRFASQINIDVTEQWVGADLLRSLNHFLR-------TGSDQQMLANLTAINDHLLN----------------ARTTFLEGNDVSYSDCVLSCKLHHVRVAASFFRGFTIPEDLQYVWSYLKAIYSTRVFDVSCPLDRDILLHYLEKVE---	0.967	0.290	4
85	I-EEADILTLYVRAGCDNRKYGACPFCQRIFMLLMLKQIKFKVATVPTSRVLPAALKANGLRNLPSIIHGDIAIDTVEEIIDYIDAKYPTMNKINDATLNENVDKLTRNFFSKFCFYIKSVSKD--------------------ASALISELHRLDDLLQR-TTTRFLLGDSLSHLDCEVLPKLHHVRVAASTLKSFDIPAHFGGIWRYLNNAYNDEIFQKSCPPDQEIVLHWA-------	0.917	0.320	5
86	-----D-LTLYVRAGCDNRKYGACPFCQRIFMLLMLKAIKFRVATVPTSRVLPAALKANGLRNLPAIIHGDIAIDTVEEIIDHIEAKYPDDAAKNDPTLNESVDKLTRNFFSKFCFYIK-----SVSKDASALIAELNRLDDLLKG----------------TTTRFLLGDSLSHLDCEVLPKLHHVRVAASILKSFFIPSHLVGIWRYLNNAYNDEIFHKSCPPDQEIVLHWA-------	0.920	0.321	5
87	-------LTLYVRAACDNLKYGACPFCQRIFMLLMLKHLQFRVATVPSSRLPDEFKS-HGLRNLPAIIHGRHVIDTVEEISDYIEMAFPTNNFVNQNRLSAPRHLSSRNLNKSDDANLANNYSEDVDKLARNFFSKFCFYIKSVSRESTSLKTDLKRLDEYLQESKYIFGDELTRLDCEVLPKLHHLRVAAFHLKRFEIPPNFTGIWRYLNNAYNDEIFLRTCPPDQEIVLHWA-------	0.925	0.304	4
89	MAEAEPEIELIIKASTDGRRKGACIFCQEYFMLAELKTISLKITTVDMKRPPADFRSNFEAAQPPILIDNGIAVLENEKIERHIMKKI--PGGHNLFIADQEVNKKIENVYSKFKHMLMKRD----DFSKNAMTNILTKVNDMLAE----------------KGTRFLTGDTMCCFDCELMPKLQHIRVAGAFFCDYEIPAELSALWRYIKEMYQLDAFTQSNPADQDIINIYKQ------	0.918	0.264	4
